"Id","Title","Excerpt","Description","Synonyms","Variations","Categories"
"","Discipline of Fortitude","","<img class=""aligncenter wp-image-15599 size-full"" src=""https://teamleviathangaming.com/wp-content/uploads/lor_cards/01IO012T2.png?v=1585836891962"" alt="""">","","","lor_card"
"","Draven","","<img class=""aligncenter wp-image-15599 size-full"" src=""https://teamleviathangaming.com/wp-content/uploads/lor_cards/01NX020T3.png?v=1585836891962"" alt="""">","","","lor_card"
"","Dawnspeakers","","<img class=""aligncenter wp-image-15599 size-full"" src=""https://teamleviathangaming.com/wp-content/uploads/lor_cards/01DE031.png?v=1585836891962"" alt="""">","","","lor_card"
"","Yusari the Slayer","","<img class=""aligncenter wp-image-15599 size-full"" src=""https://teamleviathangaming.com/wp-content/uploads/lor_cards/01IO048T1.png?v=1585836891962"" alt="""">","","","lor_card"
"","Jinx's Get Excited!","","<img class=""aligncenter wp-image-15599 size-full"" src=""https://teamleviathangaming.com/wp-content/uploads/lor_cards/01PZ040T3.png?v=1585836891962"" alt="""">","","","lor_card"
"","Glacial Storm","","<img class=""aligncenter wp-image-15599 size-full"" src=""https://teamleviathangaming.com/wp-content/uploads/lor_cards/01FR024T2.png?v=1585836891962"" alt="""">","","","lor_card"
"","Teemo","","<img class=""aligncenter wp-image-15599 size-full"" src=""https://teamleviathangaming.com/wp-content/uploads/lor_cards/01PZ008T2.png?v=1585836891962"" alt="""">","","","lor_card"
"","Lucian","","<img class=""aligncenter wp-image-15599 size-full"" src=""https://teamleviathangaming.com/wp-content/uploads/lor_cards/01DE022.png?v=1585836891962"" alt="""">","","","lor_card"
"","Yasuo","","<img class=""aligncenter wp-image-15599 size-full"" src=""https://teamleviathangaming.com/wp-content/uploads/lor_cards/01IO015T1.png?v=1585836891962"" alt="""">","","","lor_card"
"","Heimerdinger","","<img class=""aligncenter wp-image-15599 size-full"" src=""https://teamleviathangaming.com/wp-content/uploads/lor_cards/01PZ056.png?v=1585836891962"" alt="""">","","","lor_card"
"","Keeper of Masks","","<img class=""aligncenter wp-image-15599 size-full"" src=""https://teamleviathangaming.com/wp-content/uploads/lor_cards/01IO020.png?v=1585836891962"" alt="""">","","","lor_card"
"","Tryndamere's Battle Fury","","<img class=""aligncenter wp-image-15599 size-full"" src=""https://teamleviathangaming.com/wp-content/uploads/lor_cards/01FR039T1.png?v=1585836891962"" alt="""">","","","lor_card"
"","Augmented Experimenter","","<img class=""aligncenter wp-image-15599 size-full"" src=""https://teamleviathangaming.com/wp-content/uploads/lor_cards/01PZ013.png?v=1585836891962"" alt="""">","","","lor_card"
"","Mobilize","","<img class=""aligncenter wp-image-15599 size-full"" src=""https://teamleviathangaming.com/wp-content/uploads/lor_cards/01DE019.png?v=1585836891962"" alt="""">","","","lor_card"
"","Culling Strike","","<img class=""aligncenter wp-image-15599 size-full"" src=""https://teamleviathangaming.com/wp-content/uploads/lor_cards/01NX004.png?v=1585836891962"" alt="""">","","","lor_card"
"","Parade Electrorig","","<img class=""aligncenter wp-image-15599 size-full"" src=""https://teamleviathangaming.com/wp-content/uploads/lor_cards/01PZ007.png?v=1585836891962"" alt="""">","","","lor_card"
"","Heimerdinger","","<img class=""aligncenter wp-image-15599 size-full"" src=""https://teamleviathangaming.com/wp-content/uploads/lor_cards/01PZ056T10.png?v=1585836891962"" alt="""">","","","lor_card"
"","Phantom Prankster","","<img class=""aligncenter wp-image-15599 size-full"" src=""https://teamleviathangaming.com/wp-content/uploads/lor_cards/01SI038.png?v=1585836891962"" alt="""">","","","lor_card"
"","Lux's Prismatic Barrier","","<img class=""aligncenter wp-image-15599 size-full"" src=""https://teamleviathangaming.com/wp-content/uploads/lor_cards/01DE042T1.png?v=1585836891962"" alt="""">","","","lor_card"
"","Academy Prodigy","","<img class=""aligncenter wp-image-15599 size-full"" src=""https://teamleviathangaming.com/wp-content/uploads/lor_cards/01PZ018.png?v=1585836891962"" alt="""">","","","lor_card"
"","Herald of Spring","","<img class=""aligncenter wp-image-15599 size-full"" src=""https://teamleviathangaming.com/wp-content/uploads/lor_cards/01IO045.png?v=1585836891962"" alt="""">","","","lor_card"
"","Fae Bladetwirler","","<img class=""aligncenter wp-image-15599 size-full"" src=""https://teamleviathangaming.com/wp-content/uploads/lor_cards/01IO008.png?v=1585836891962"" alt="""">","","","lor_card"
"","Crimson Curator","","<img class=""aligncenter wp-image-15599 size-full"" src=""https://teamleviathangaming.com/wp-content/uploads/lor_cards/01NX048.png?v=1585836891962"" alt="""">","","","lor_card"
"","Iceborn Legacy","","<img class=""aligncenter wp-image-15599 size-full"" src=""https://teamleviathangaming.com/wp-content/uploads/lor_cards/01FR006.png?v=1585836891962"" alt="""">","","","lor_card"
"","Ghost","","<img class=""aligncenter wp-image-15599 size-full"" src=""https://teamleviathangaming.com/wp-content/uploads/lor_cards/01IO022.png?v=1585836891962"" alt="""">","","","lor_card"
"","Omen Hawk","","<img class=""aligncenter wp-image-15599 size-full"" src=""https://teamleviathangaming.com/wp-content/uploads/lor_cards/01FR022.png?v=1585836891962"" alt="""">","","","lor_card"
"","Harsh Winds","","<img class=""aligncenter wp-image-15599 size-full"" src=""https://teamleviathangaming.com/wp-content/uploads/lor_cards/01FR042.png?v=1585836891962"" alt="""">","","","lor_card"
"","Glimpse Beyond","","<img class=""aligncenter wp-image-15599 size-full"" src=""https://teamleviathangaming.com/wp-content/uploads/lor_cards/01SI049.png?v=1585836891962"" alt="""">","","","lor_card"
"","Elise's Crawling Sensation","","<img class=""aligncenter wp-image-15599 size-full"" src=""https://teamleviathangaming.com/wp-content/uploads/lor_cards/01SI053T1.png?v=1585836891962"" alt="""">","","","lor_card"
"","Braum","","<img class=""aligncenter wp-image-15599 size-full"" src=""https://teamleviathangaming.com/wp-content/uploads/lor_cards/01FR009.png?v=1585836891962"" alt="""">","","","lor_card"
"","Ancient Crocolith","","<img class=""aligncenter wp-image-15599 size-full"" src=""https://teamleviathangaming.com/wp-content/uploads/lor_cards/01SI057.png?v=1585836891962"" alt="""">","","","lor_card"
"","Swiftwing Lancer","","<img class=""aligncenter wp-image-15599 size-full"" src=""https://teamleviathangaming.com/wp-content/uploads/lor_cards/01DE010.png?v=1585836891962"" alt="""">","","","lor_card"
"","Soul Shepherd","","<img class=""aligncenter wp-image-15599 size-full"" src=""https://teamleviathangaming.com/wp-content/uploads/lor_cards/01SI023.png?v=1585836891962"" alt="""">","","","lor_card"
"","Eager Apprentice","","<img class=""aligncenter wp-image-15599 size-full"" src=""https://teamleviathangaming.com/wp-content/uploads/lor_cards/01PZ019.png?v=1585836891962"" alt="""">","","","lor_card"
"","Darius","","<img class=""aligncenter wp-image-15599 size-full"" src=""https://teamleviathangaming.com/wp-content/uploads/lor_cards/01NX038.png?v=1585836891962"" alt="""">","","","lor_card"
"","Kinkou Lifeblade","","<img class=""aligncenter wp-image-15599 size-full"" src=""https://teamleviathangaming.com/wp-content/uploads/lor_cards/01IO040.png?v=1585836891962"" alt="""">","","","lor_card"
"","Rimefang Wolf","","<img class=""aligncenter wp-image-15599 size-full"" src=""https://teamleviathangaming.com/wp-content/uploads/lor_cards/01FR018.png?v=1585836891962"" alt="""">","","","lor_card"
"","Vanguard Defender","","<img class=""aligncenter wp-image-15599 size-full"" src=""https://teamleviathangaming.com/wp-content/uploads/lor_cards/01DE020.png?v=1585836891962"" alt="""">","","","lor_card"
"","Battlesmith","","<img class=""aligncenter wp-image-15599 size-full"" src=""https://teamleviathangaming.com/wp-content/uploads/lor_cards/01DE034.png?v=1585836891962"" alt="""">","","","lor_card"
"","Tianna Crownguard","","<img class=""aligncenter wp-image-15599 size-full"" src=""https://teamleviathangaming.com/wp-content/uploads/lor_cards/01DE002.png?v=1585836891962"" alt="""">","","","lor_card"
"","Arachnoid Host","","<img class=""aligncenter wp-image-15599 size-full"" src=""https://teamleviathangaming.com/wp-content/uploads/lor_cards/01NX023.png?v=1585836891962"" alt="""">","","","lor_card"
"","Karma","","<img class=""aligncenter wp-image-15599 size-full"" src=""https://teamleviathangaming.com/wp-content/uploads/lor_cards/01IO041T1.png?v=1585836891962"" alt="""">","","","lor_card"
"","Garen","","<img class=""aligncenter wp-image-15599 size-full"" src=""https://teamleviathangaming.com/wp-content/uploads/lor_cards/01DE012T1.png?v=1585836891962"" alt="""">","","","lor_card"
"","Stand Alone","","<img class=""aligncenter wp-image-15599 size-full"" src=""https://teamleviathangaming.com/wp-content/uploads/lor_cards/01DE017.png?v=1585836891962"" alt="""">","","","lor_card"
"","Jinx","","<img class=""aligncenter wp-image-15599 size-full"" src=""https://teamleviathangaming.com/wp-content/uploads/lor_cards/01PZ040.png?v=1585836891962"" alt="""">","","","lor_card"
"","Decisive Maneuver","","<img class=""aligncenter wp-image-15599 size-full"" src=""https://teamleviathangaming.com/wp-content/uploads/lor_cards/01NX013.png?v=1585836891962"" alt="""">","","","lor_card"
"","Fiora","","<img class=""aligncenter wp-image-15599 size-full"" src=""https://teamleviathangaming.com/wp-content/uploads/lor_cards/01DE045.png?v=1585836891962"" alt="""">","","","lor_card"
"","Puffcap Peddler","","<img class=""aligncenter wp-image-15599 size-full"" src=""https://teamleviathangaming.com/wp-content/uploads/lor_cards/01PZ025.png?v=1585836891962"" alt="""">","","","lor_card"
"","Brightsteel Formation","","<img class=""aligncenter wp-image-15599 size-full"" src=""https://teamleviathangaming.com/wp-content/uploads/lor_cards/01DE052.png?v=1585836891962"" alt="""">","","","lor_card"
"","Super Mega Death Rocket!","","<img class=""aligncenter wp-image-15599 size-full"" src=""https://teamleviathangaming.com/wp-content/uploads/lor_cards/01PZ040T2.png?v=1585836891962"" alt="""">","","","lor_card"
"","Elise","","<img class=""aligncenter wp-image-15599 size-full"" src=""https://teamleviathangaming.com/wp-content/uploads/lor_cards/01SI053.png?v=1585836891962"" alt="""">","","","lor_card"
"","Relentless Pursuit","","<img class=""aligncenter wp-image-15599 size-full"" src=""https://teamleviathangaming.com/wp-content/uploads/lor_cards/01DE021.png?v=1585836891962"" alt="""">","","","lor_card"
"","Magnum Opus","","<img class=""aligncenter wp-image-15599 size-full"" src=""https://teamleviathangaming.com/wp-content/uploads/lor_cards/01PZ048T1.png?v=1585836891962"" alt="""">","","","lor_card"
"","Paralyzing Bite","","<img class=""aligncenter wp-image-15599 size-full"" src=""https://teamleviathangaming.com/wp-content/uploads/lor_cards/01NX046T1.png?v=1585836891962"" alt="""">","","","lor_card"
"","Transfusion","","<img class=""aligncenter wp-image-15599 size-full"" src=""https://teamleviathangaming.com/wp-content/uploads/lor_cards/01NX047.png?v=1585836891962"" alt="""">","","","lor_card"
"","Onslaught of Shadows","","<img class=""aligncenter wp-image-15599 size-full"" src=""https://teamleviathangaming.com/wp-content/uploads/lor_cards/01SI010.png?v=1585836891962"" alt="""">","","","lor_card"
"","Legion Saboteur","","<img class=""aligncenter wp-image-15599 size-full"" src=""https://teamleviathangaming.com/wp-content/uploads/lor_cards/01NX040.png?v=1585836891962"" alt="""">","","","lor_card"
"","Hecarim","","<img class=""aligncenter wp-image-15599 size-full"" src=""https://teamleviathangaming.com/wp-content/uploads/lor_cards/01SI042T1.png?v=1585836891962"" alt="""">","","","lor_card"
"","Scrap Scuttler","","<img class=""aligncenter wp-image-15599 size-full"" src=""https://teamleviathangaming.com/wp-content/uploads/lor_cards/01PZ032.png?v=1585836891962"" alt="""">","","","lor_card"
"","Zed","","<img class=""aligncenter wp-image-15599 size-full"" src=""https://teamleviathangaming.com/wp-content/uploads/lor_cards/01IO009T2.png?v=1585836891962"" alt="""">","","","lor_card"
"","Vilemaw","","<img class=""aligncenter wp-image-15599 size-full"" src=""https://teamleviathangaming.com/wp-content/uploads/lor_cards/01SI027T1.png?v=1585836891962"" alt="""">","","","lor_card"
"","Greenglade Elder","","<img class=""aligncenter wp-image-15599 size-full"" src=""https://teamleviathangaming.com/wp-content/uploads/lor_cards/01IO014.png?v=1585836891962"" alt="""">","","","lor_card"
"","Darius","","<img class=""aligncenter wp-image-15599 size-full"" src=""https://teamleviathangaming.com/wp-content/uploads/lor_cards/01NX038T2.png?v=1585836891962"" alt="""">","","","lor_card"
"","Lucian's Relentless Pursuit","","<img class=""aligncenter wp-image-15599 size-full"" src=""https://teamleviathangaming.com/wp-content/uploads/lor_cards/01DE022T2.png?v=1585836891962"" alt="""">","","","lor_card"
"","Jury-Rig","","<img class=""aligncenter wp-image-15599 size-full"" src=""https://teamleviathangaming.com/wp-content/uploads/lor_cards/01PZ028.png?v=1585836891962"" alt="""">","","","lor_card"
"","Detain","","<img class=""aligncenter wp-image-15599 size-full"" src=""https://teamleviathangaming.com/wp-content/uploads/lor_cards/01DE025.png?v=1585836891962"" alt="""">","","","lor_card"
"","Avarosan Marksman","","<img class=""aligncenter wp-image-15599 size-full"" src=""https://teamleviathangaming.com/wp-content/uploads/lor_cards/01FR036.png?v=1585836891962"" alt="""">","","","lor_card"
"","Nimble Poro","","<img class=""aligncenter wp-image-15599 size-full"" src=""https://teamleviathangaming.com/wp-content/uploads/lor_cards/01IO005.png?v=1585836891962"" alt="""">","","","lor_card"
"","Scarthane Steffen","","<img class=""aligncenter wp-image-15599 size-full"" src=""https://teamleviathangaming.com/wp-content/uploads/lor_cards/01FR045.png?v=1585836891962"" alt="""">","","","lor_card"
"","Navori Conspirator","","<img class=""aligncenter wp-image-15599 size-full"" src=""https://teamleviathangaming.com/wp-content/uploads/lor_cards/01IO044.png?v=1585836891962"" alt="""">","","","lor_card"
"","Jubilant Poro","","<img class=""aligncenter wp-image-15599 size-full"" src=""https://teamleviathangaming.com/wp-content/uploads/lor_cards/01FR008T1.png?v=1585836891962"" alt="""">","","","lor_card"
"","Shatter","","<img class=""aligncenter wp-image-15599 size-full"" src=""https://teamleviathangaming.com/wp-content/uploads/lor_cards/01FR055.png?v=1585836891962"" alt="""">","","","lor_card"
"","Crystal Arrow","","<img class=""aligncenter wp-image-15599 size-full"" src=""https://teamleviathangaming.com/wp-content/uploads/lor_cards/01FR038T3.png?v=1585836891962"" alt="""">","","","lor_card"
"","Arachnoid Sentry","","<img class=""aligncenter wp-image-15599 size-full"" src=""https://teamleviathangaming.com/wp-content/uploads/lor_cards/01NX046.png?v=1585836891962"" alt="""">","","","lor_card"
"","Rising Spell Force","","<img class=""aligncenter wp-image-15599 size-full"" src=""https://teamleviathangaming.com/wp-content/uploads/lor_cards/01PZ050.png?v=1585836891962"" alt="""">","","","lor_card"
"","Mk3: Floor-B-Gone","","<img class=""aligncenter wp-image-15599 size-full"" src=""https://teamleviathangaming.com/wp-content/uploads/lor_cards/01PZ056T6.png?v=1585836891962"" alt="""">","","","lor_card"
"","Jeweled Protector","","<img class=""aligncenter wp-image-15599 size-full"" src=""https://teamleviathangaming.com/wp-content/uploads/lor_cards/01IO023.png?v=1585836891962"" alt="""">","","","lor_card"
"","Cursed Keeper","","<img class=""aligncenter wp-image-15599 size-full"" src=""https://teamleviathangaming.com/wp-content/uploads/lor_cards/01SI048.png?v=1585836891962"" alt="""">","","","lor_card"
"","Undermine","","<img class=""aligncenter wp-image-15599 size-full"" src=""https://teamleviathangaming.com/wp-content/uploads/lor_cards/01PZ054T1.png?v=1585836891962"" alt="""">","","","lor_card"
"","Impersonate","","<img class=""aligncenter wp-image-15599 size-full"" src=""https://teamleviathangaming.com/wp-content/uploads/lor_cards/01PZ030T1.png?v=1585836891962"" alt="""">","","","lor_card"
"","Brothers' Bond","","<img class=""aligncenter wp-image-15599 size-full"" src=""https://teamleviathangaming.com/wp-content/uploads/lor_cards/01NX025.png?v=1585836891962"" alt="""">","","","lor_card"
"","House Spider","","<img class=""aligncenter wp-image-15599 size-full"" src=""https://teamleviathangaming.com/wp-content/uploads/lor_cards/01NX055.png?v=1585836891962"" alt="""">","","","lor_card"
"","Judgment","","<img class=""aligncenter wp-image-15599 size-full"" src=""https://teamleviathangaming.com/wp-content/uploads/lor_cards/01DE007.png?v=1585836891962"" alt="""">","","","lor_card"
"","Used Cask Salesman","","<img class=""aligncenter wp-image-15599 size-full"" src=""https://teamleviathangaming.com/wp-content/uploads/lor_cards/01PZ017.png?v=1585836891962"" alt="""">","","","lor_card"
"","Sump Dredger","","<img class=""aligncenter wp-image-15599 size-full"" src=""https://teamleviathangaming.com/wp-content/uploads/lor_cards/01PZ038.png?v=1585836891962"" alt="""">","","","lor_card"
"","Mk2: Evolution Turret","","<img class=""aligncenter wp-image-15599 size-full"" src=""https://teamleviathangaming.com/wp-content/uploads/lor_cards/01PZ056T7.png?v=1585836891962"" alt="""">","","","lor_card"
"","Scribe of Sorrows","","<img class=""aligncenter wp-image-15599 size-full"" src=""https://teamleviathangaming.com/wp-content/uploads/lor_cards/01SI018.png?v=1585836891962"" alt="""">","","","lor_card"
"","Teemo's Mushroom Cloud","","<img class=""aligncenter wp-image-15599 size-full"" src=""https://teamleviathangaming.com/wp-content/uploads/lor_cards/01PZ008T1.png?v=1585836891962"" alt="""">","","","lor_card"
"","Kalista","","<img class=""aligncenter wp-image-15599 size-full"" src=""https://teamleviathangaming.com/wp-content/uploads/lor_cards/01SI030T2.png?v=1585836891962"" alt="""">","","","lor_card"
"","Entreat","","<img class=""aligncenter wp-image-15599 size-full"" src=""https://teamleviathangaming.com/wp-content/uploads/lor_cards/01FR029.png?v=1585836891962"" alt="""">","","","lor_card"
"","Night Harvest","","<img class=""aligncenter wp-image-15599 size-full"" src=""https://teamleviathangaming.com/wp-content/uploads/lor_cards/01SI035T1.png?v=1585836891962"" alt="""">","","","lor_card"
"","Kalista","","<img class=""aligncenter wp-image-15599 size-full"" src=""https://teamleviathangaming.com/wp-content/uploads/lor_cards/01SI030.png?v=1585836891962"" alt="""">","","","lor_card"
"","Sown Seeds","","<img class=""aligncenter wp-image-15599 size-full"" src=""https://teamleviathangaming.com/wp-content/uploads/lor_cards/01IO029.png?v=1585836891962"" alt="""">","","","lor_card"
"","Ezreal","","<img class=""aligncenter wp-image-15599 size-full"" src=""https://teamleviathangaming.com/wp-content/uploads/lor_cards/01PZ036T1.png?v=1585836891962"" alt="""">","","","lor_card"
"","Unscarred Reaver","","<img class=""aligncenter wp-image-15599 size-full"" src=""https://teamleviathangaming.com/wp-content/uploads/lor_cards/01FR035.png?v=1585836891962"" alt="""">","","","lor_card"
"","Death Mark","","<img class=""aligncenter wp-image-15599 size-full"" src=""https://teamleviathangaming.com/wp-content/uploads/lor_cards/01IO003.png?v=1585836891962"" alt="""">","","","lor_card"
"","Jae Medarda","","<img class=""aligncenter wp-image-15599 size-full"" src=""https://teamleviathangaming.com/wp-content/uploads/lor_cards/01PZ035.png?v=1585836891962"" alt="""">","","","lor_card"
"","Shady Character","","<img class=""aligncenter wp-image-15599 size-full"" src=""https://teamleviathangaming.com/wp-content/uploads/lor_cards/01PZ030.png?v=1585836891962"" alt="""">","","","lor_card"
"","Shadow Flare","","<img class=""aligncenter wp-image-15599 size-full"" src=""https://teamleviathangaming.com/wp-content/uploads/lor_cards/01IO047.png?v=1585836891962"" alt="""">","","","lor_card"
"","Corina Veraza","","<img class=""aligncenter wp-image-15599 size-full"" src=""https://teamleviathangaming.com/wp-content/uploads/lor_cards/01PZ048.png?v=1585836891962"" alt="""">","","","lor_card"
"","Catalyst of Aeons","","<img class=""aligncenter wp-image-15599 size-full"" src=""https://teamleviathangaming.com/wp-content/uploads/lor_cards/01FR012.png?v=1585836891962"" alt="""">","","","lor_card"
"","Draven's Whirling Death","","<img class=""aligncenter wp-image-15599 size-full"" src=""https://teamleviathangaming.com/wp-content/uploads/lor_cards/01NX020T2.png?v=1585836891962"" alt="""">","","","lor_card"
"","Crimson Disciple","","<img class=""aligncenter wp-image-15599 size-full"" src=""https://teamleviathangaming.com/wp-content/uploads/lor_cards/01NX030.png?v=1585836891962"" alt="""">","","","lor_card"
"","Enraged Yeti","","<img class=""aligncenter wp-image-15599 size-full"" src=""https://teamleviathangaming.com/wp-content/uploads/lor_cards/01FR028.png?v=1585836891962"" alt="""">","","","lor_card"
"","Mushroom Cloud","","<img class=""aligncenter wp-image-15599 size-full"" src=""https://teamleviathangaming.com/wp-content/uploads/lor_cards/01PZ010.png?v=1585836891962"" alt="""">","","","lor_card"
"","Arena Battlecaster","","<img class=""aligncenter wp-image-15599 size-full"" src=""https://teamleviathangaming.com/wp-content/uploads/lor_cards/01NX007.png?v=1585836891962"" alt="""">","","","lor_card"
"","Zaunite Urchin","","<img class=""aligncenter wp-image-15599 size-full"" src=""https://teamleviathangaming.com/wp-content/uploads/lor_cards/01PZ045.png?v=1585836891962"" alt="""">","","","lor_card"
"","Inspiring Mentor","","<img class=""aligncenter wp-image-15599 size-full"" src=""https://teamleviathangaming.com/wp-content/uploads/lor_cards/01IO026.png?v=1585836891962"" alt="""">","","","lor_card"
"","Reckless Research","","<img class=""aligncenter wp-image-15599 size-full"" src=""https://teamleviathangaming.com/wp-content/uploads/lor_cards/01PZ013T1.png?v=1585836891962"" alt="""">","","","lor_card"
"","Back Alley Barkeep","","<img class=""aligncenter wp-image-15599 size-full"" src=""https://teamleviathangaming.com/wp-content/uploads/lor_cards/01PZ002.png?v=1585836891962"" alt="""">","","","lor_card"
"","Spiderling","","<img class=""aligncenter wp-image-15599 size-full"" src=""https://teamleviathangaming.com/wp-content/uploads/lor_cards/01SI002.png?v=1585836891962"" alt="""">","","","lor_card"
"","Scuttlegeist","","<img class=""aligncenter wp-image-15599 size-full"" src=""https://teamleviathangaming.com/wp-content/uploads/lor_cards/01SI005.png?v=1585836891962"" alt="""">","","","lor_card"
"","Ashe","","<img class=""aligncenter wp-image-15599 size-full"" src=""https://teamleviathangaming.com/wp-content/uploads/lor_cards/01FR038.png?v=1585836891962"" alt="""">","","","lor_card"
"","Laurent Duelist","","<img class=""aligncenter wp-image-15599 size-full"" src=""https://teamleviathangaming.com/wp-content/uploads/lor_cards/01DE055.png?v=1585836891962"" alt="""">","","","lor_card"
"","Trueshot Barrage","","<img class=""aligncenter wp-image-15599 size-full"" src=""https://teamleviathangaming.com/wp-content/uploads/lor_cards/01PZ004.png?v=1585836891962"" alt="""">","","","lor_card"
"","Mageseeker Inciter","","<img class=""aligncenter wp-image-15599 size-full"" src=""https://teamleviathangaming.com/wp-content/uploads/lor_cards/01DE048.png?v=1585836891962"" alt="""">","","","lor_card"
"","Dawn and Dusk","","<img class=""aligncenter wp-image-15599 size-full"" src=""https://teamleviathangaming.com/wp-content/uploads/lor_cards/01IO024.png?v=1585836891962"" alt="""">","","","lor_card"
"","Spider Queen Elise","","<img class=""aligncenter wp-image-15599 size-full"" src=""https://teamleviathangaming.com/wp-content/uploads/lor_cards/01SI053T2.png?v=1585836891962"" alt="""">","","","lor_card"
"","Vanguard Bannerman","","<img class=""aligncenter wp-image-15599 size-full"" src=""https://teamleviathangaming.com/wp-content/uploads/lor_cards/01DE001.png?v=1585836891962"" alt="""">","","","lor_card"
"","Daring Poro","","<img class=""aligncenter wp-image-15599 size-full"" src=""https://teamleviathangaming.com/wp-content/uploads/lor_cards/01PZ020.png?v=1585836891962"" alt="""">","","","lor_card"
"","Legion Marauder","","<img class=""aligncenter wp-image-15599 size-full"" src=""https://teamleviathangaming.com/wp-content/uploads/lor_cards/01NX021.png?v=1585836891962"" alt="""">","","","lor_card"
"","Avalanche","","<img class=""aligncenter wp-image-15599 size-full"" src=""https://teamleviathangaming.com/wp-content/uploads/lor_cards/01FR020.png?v=1585836891962"" alt="""">","","","lor_card"
"","Counterfeit Copies","","<img class=""aligncenter wp-image-15599 size-full"" src=""https://teamleviathangaming.com/wp-content/uploads/lor_cards/01PZ046.png?v=1585836891962"" alt="""">","","","lor_card"
"","Scaled Snapper","","<img class=""aligncenter wp-image-15599 size-full"" src=""https://teamleviathangaming.com/wp-content/uploads/lor_cards/01IO028.png?v=1585836891962"" alt="""">","","","lor_card"
"","Yeti Yearling","","<img class=""aligncenter wp-image-15599 size-full"" src=""https://teamleviathangaming.com/wp-content/uploads/lor_cards/01FR014.png?v=1585836891962"" alt="""">","","","lor_card"
"","Sinister Poro","","<img class=""aligncenter wp-image-15599 size-full"" src=""https://teamleviathangaming.com/wp-content/uploads/lor_cards/01SI037.png?v=1585836891962"" alt="""">","","","lor_card"
"","Crowd Favorite","","<img class=""aligncenter wp-image-15599 size-full"" src=""https://teamleviathangaming.com/wp-content/uploads/lor_cards/01NX009.png?v=1585836891962"" alt="""">","","","lor_card"
"","Shadow Assassin","","<img class=""aligncenter wp-image-15599 size-full"" src=""https://teamleviathangaming.com/wp-content/uploads/lor_cards/01IO057.png?v=1585836891962"" alt="""">","","","lor_card"
"","Scaled Snapper","","<img class=""aligncenter wp-image-15599 size-full"" src=""https://teamleviathangaming.com/wp-content/uploads/lor_cards/01IO028T2.png?v=1585836891962"" alt="""">","","","lor_card"
"","Boomcrew Rookie","","<img class=""aligncenter wp-image-15599 size-full"" src=""https://teamleviathangaming.com/wp-content/uploads/lor_cards/01PZ054.png?v=1585836891962"" alt="""">","","","lor_card"
"","Draven","","<img class=""aligncenter wp-image-15599 size-full"" src=""https://teamleviathangaming.com/wp-content/uploads/lor_cards/01NX020.png?v=1585836891962"" alt="""">","","","lor_card"
"","Mystic Shot","","<img class=""aligncenter wp-image-15599 size-full"" src=""https://teamleviathangaming.com/wp-content/uploads/lor_cards/01PZ052.png?v=1585836891962"" alt="""">","","","lor_card"
"","Anivia's Harsh Winds","","<img class=""aligncenter wp-image-15599 size-full"" src=""https://teamleviathangaming.com/wp-content/uploads/lor_cards/01FR024T1.png?v=1585836891962"" alt="""">","","","lor_card"
"","War Chefs","","<img class=""aligncenter wp-image-15599 size-full"" src=""https://teamleviathangaming.com/wp-content/uploads/lor_cards/01DE043.png?v=1585836891962"" alt="""">","","","lor_card"
"","Ezreal","","<img class=""aligncenter wp-image-15599 size-full"" src=""https://teamleviathangaming.com/wp-content/uploads/lor_cards/01PZ036.png?v=1585836891962"" alt="""">","","","lor_card"
"","Scaled Snapper","","<img class=""aligncenter wp-image-15599 size-full"" src=""https://teamleviathangaming.com/wp-content/uploads/lor_cards/01IO028T1.png?v=1585836891962"" alt="""">","","","lor_card"
"","Escaped Abomination","","<img class=""aligncenter wp-image-15599 size-full"" src=""https://teamleviathangaming.com/wp-content/uploads/lor_cards/01SI048T1.png?v=1585836891962"" alt="""">","","","lor_card"
"","T-Hex","","<img class=""aligncenter wp-image-15599 size-full"" src=""https://teamleviathangaming.com/wp-content/uploads/lor_cards/01PZ015.png?v=1585836891962"" alt="""">","","","lor_card"
"","Reckoning","","<img class=""aligncenter wp-image-15599 size-full"" src=""https://teamleviathangaming.com/wp-content/uploads/lor_cards/01NX053.png?v=1585836891962"" alt="""">","","","lor_card"
"","Hextech Transmogulator","","<img class=""aligncenter wp-image-15599 size-full"" src=""https://teamleviathangaming.com/wp-content/uploads/lor_cards/01PZ005.png?v=1585836891962"" alt="""">","","","lor_card"
"","Darius's Decimate","","<img class=""aligncenter wp-image-15599 size-full"" src=""https://teamleviathangaming.com/wp-content/uploads/lor_cards/01NX038T1.png?v=1585836891962"" alt="""">","","","lor_card"
"","Thresh","","<img class=""aligncenter wp-image-15599 size-full"" src=""https://teamleviathangaming.com/wp-content/uploads/lor_cards/01SI052.png?v=1585836891962"" alt="""">","","","lor_card"
"","Lucian","","<img class=""aligncenter wp-image-15599 size-full"" src=""https://teamleviathangaming.com/wp-content/uploads/lor_cards/01DE022T1.png?v=1585836891962"" alt="""">","","","lor_card"
"","Plucky Poro","","<img class=""aligncenter wp-image-15599 size-full"" src=""https://teamleviathangaming.com/wp-content/uploads/lor_cards/01DE049.png?v=1585836891962"" alt="""">","","","lor_card"
"","Garen's Judgment","","<img class=""aligncenter wp-image-15599 size-full"" src=""https://teamleviathangaming.com/wp-content/uploads/lor_cards/01DE012T2.png?v=1585836891962"" alt="""">","","","lor_card"
"","Commander Ledros","","<img class=""aligncenter wp-image-15599 size-full"" src=""https://teamleviathangaming.com/wp-content/uploads/lor_cards/01SI033.png?v=1585836891962"" alt="""">","","","lor_card"
"","Midenstokke Henchmen","","<img class=""aligncenter wp-image-15599 size-full"" src=""https://teamleviathangaming.com/wp-content/uploads/lor_cards/01PZ021.png?v=1585836891962"" alt="""">","","","lor_card"
"","The Harrowing","","<img class=""aligncenter wp-image-15599 size-full"" src=""https://teamleviathangaming.com/wp-content/uploads/lor_cards/01SI003.png?v=1585836891962"" alt="""">","","","lor_card"
"","The Undying","","<img class=""aligncenter wp-image-15599 size-full"" src=""https://teamleviathangaming.com/wp-content/uploads/lor_cards/01SI041.png?v=1585836891962"" alt="""">","","","lor_card"
"","Sabotage","","<img class=""aligncenter wp-image-15599 size-full"" src=""https://teamleviathangaming.com/wp-content/uploads/lor_cards/01NX040T1.png?v=1585836891962"" alt="""">","","","lor_card"
"","Stalking Wolf","","<img class=""aligncenter wp-image-15599 size-full"" src=""https://teamleviathangaming.com/wp-content/uploads/lor_cards/01FR049.png?v=1585836891962"" alt="""">","","","lor_card"
"","Shen","","<img class=""aligncenter wp-image-15599 size-full"" src=""https://teamleviathangaming.com/wp-content/uploads/lor_cards/01IO032T1.png?v=1585836891962"" alt="""">","","","lor_card"
"","Laurent Chevalier","","<img class=""aligncenter wp-image-15599 size-full"" src=""https://teamleviathangaming.com/wp-content/uploads/lor_cards/01DE053.png?v=1585836891962"" alt="""">","","","lor_card"
"","Absorb Soul","","<img class=""aligncenter wp-image-15599 size-full"" src=""https://teamleviathangaming.com/wp-content/uploads/lor_cards/01SI045.png?v=1585836891962"" alt="""">","","","lor_card"
"","Avarosan Outriders","","<img class=""aligncenter wp-image-15599 size-full"" src=""https://teamleviathangaming.com/wp-content/uploads/lor_cards/01FR037.png?v=1585836891962"" alt="""">","","","lor_card"
"","Crawling Sensation","","<img class=""aligncenter wp-image-15599 size-full"" src=""https://teamleviathangaming.com/wp-content/uploads/lor_cards/01SI036.png?v=1585836891962"" alt="""">","","","lor_card"
"","Braum","","<img class=""aligncenter wp-image-15599 size-full"" src=""https://teamleviathangaming.com/wp-content/uploads/lor_cards/01FR009T1.png?v=1585836891962"" alt="""">","","","lor_card"
"","Shadow Fiend","","<img class=""aligncenter wp-image-15599 size-full"" src=""https://teamleviathangaming.com/wp-content/uploads/lor_cards/01IO013.png?v=1585836891962"" alt="""">","","","lor_card"
"","Statikk Shock","","<img class=""aligncenter wp-image-15599 size-full"" src=""https://teamleviathangaming.com/wp-content/uploads/lor_cards/01PZ031.png?v=1585836891962"" alt="""">","","","lor_card"
"","Spectral Rider","","<img class=""aligncenter wp-image-15599 size-full"" src=""https://teamleviathangaming.com/wp-content/uploads/lor_cards/01SI024.png?v=1585836891962"" alt="""">","","","lor_card"
"","Tortured Prodigy","","<img class=""aligncenter wp-image-15599 size-full"" src=""https://teamleviathangaming.com/wp-content/uploads/lor_cards/01SI051.png?v=1585836891962"" alt="""">","","","lor_card"
"","Alpha Wildclaw","","<img class=""aligncenter wp-image-15599 size-full"" src=""https://teamleviathangaming.com/wp-content/uploads/lor_cards/01FR026.png?v=1585836891962"" alt="""">","","","lor_card"
"","Intimidating Roar","","<img class=""aligncenter wp-image-15599 size-full"" src=""https://teamleviathangaming.com/wp-content/uploads/lor_cards/01NX054.png?v=1585836891962"" alt="""">","","","lor_card"
"","Crimson Pact","","<img class=""aligncenter wp-image-15599 size-full"" src=""https://teamleviathangaming.com/wp-content/uploads/lor_cards/01NX006T2.png?v=1585836891962"" alt="""">","","","lor_card"
"","Golden Crushbot","","<img class=""aligncenter wp-image-15599 size-full"" src=""https://teamleviathangaming.com/wp-content/uploads/lor_cards/01PZ059.png?v=1585836891962"" alt="""">","","","lor_card"
"","Legion Veteran","","<img class=""aligncenter wp-image-15599 size-full"" src=""https://teamleviathangaming.com/wp-content/uploads/lor_cards/01NX029.png?v=1585836891962"" alt="""">","","","lor_card"
"","Brittle Steel","","<img class=""aligncenter wp-image-15599 size-full"" src=""https://teamleviathangaming.com/wp-content/uploads/lor_cards/01FR030.png?v=1585836891962"" alt="""">","","","lor_card"
"","Shiraza the Blade","","<img class=""aligncenter wp-image-15599 size-full"" src=""https://teamleviathangaming.com/wp-content/uploads/lor_cards/01NX014.png?v=1585836891962"" alt="""">","","","lor_card"
"","Oblivious Islander","","<img class=""aligncenter wp-image-15599 size-full"" src=""https://teamleviathangaming.com/wp-content/uploads/lor_cards/01SI012.png?v=1585836891962"" alt="""">","","","lor_card"
"","Thresh's The Box","","<img class=""aligncenter wp-image-15599 size-full"" src=""https://teamleviathangaming.com/wp-content/uploads/lor_cards/01SI052T2.png?v=1585836891962"" alt="""">","","","lor_card"
"","Rummage","","<img class=""aligncenter wp-image-15599 size-full"" src=""https://teamleviathangaming.com/wp-content/uploads/lor_cards/01PZ001.png?v=1585836891962"" alt="""">","","","lor_card"
"","Katarina","","<img class=""aligncenter wp-image-15599 size-full"" src=""https://teamleviathangaming.com/wp-content/uploads/lor_cards/01NX042T2.png?v=1585836891962"" alt="""">","","","lor_card"
"","Scarmother Vrynna","","<img class=""aligncenter wp-image-15599 size-full"" src=""https://teamleviathangaming.com/wp-content/uploads/lor_cards/01FR013.png?v=1585836891962"" alt="""">","","","lor_card"
"","Scrapdash Assembly","","<img class=""aligncenter wp-image-15599 size-full"" src=""https://teamleviathangaming.com/wp-content/uploads/lor_cards/01PZ057.png?v=1585836891962"" alt="""">","","","lor_card"
"","Iron Harbinger","","<img class=""aligncenter wp-image-15599 size-full"" src=""https://teamleviathangaming.com/wp-content/uploads/lor_cards/01SI031.png?v=1585836891962"" alt="""">","","","lor_card"
"","Black Spear","","<img class=""aligncenter wp-image-15599 size-full"" src=""https://teamleviathangaming.com/wp-content/uploads/lor_cards/01SI034.png?v=1585836891962"" alt="""">","","","lor_card"
"","Hapless Aristocrat","","<img class=""aligncenter wp-image-15599 size-full"" src=""https://teamleviathangaming.com/wp-content/uploads/lor_cards/01SI043.png?v=1585836891962"" alt="""">","","","lor_card"
"","Rush","","<img class=""aligncenter wp-image-15599 size-full"" src=""https://teamleviathangaming.com/wp-content/uploads/lor_cards/01IO018.png?v=1585836891962"" alt="""">","","","lor_card"
"","Heimerdinger's Progress Day!","","<img class=""aligncenter wp-image-15599 size-full"" src=""https://teamleviathangaming.com/wp-content/uploads/lor_cards/01PZ056T3.png?v=1585836891962"" alt="""">","","","lor_card"
"","Winter's Breath","","<img class=""aligncenter wp-image-15599 size-full"" src=""https://teamleviathangaming.com/wp-content/uploads/lor_cards/01FR019.png?v=1585836891962"" alt="""">","","","lor_card"
"","Remembrance","","<img class=""aligncenter wp-image-15599 size-full"" src=""https://teamleviathangaming.com/wp-content/uploads/lor_cards/01DE033.png?v=1585836891962"" alt="""">","","","lor_card"
"","Stirred Spirits","","<img class=""aligncenter wp-image-15599 size-full"" src=""https://teamleviathangaming.com/wp-content/uploads/lor_cards/01SI009.png?v=1585836891962"" alt="""">","","","lor_card"
"","Thermogenic Beam","","<img class=""aligncenter wp-image-15599 size-full"" src=""https://teamleviathangaming.com/wp-content/uploads/lor_cards/01PZ027.png?v=1585836891962"" alt="""">","","","lor_card"
"","Fiora","","<img class=""aligncenter wp-image-15599 size-full"" src=""https://teamleviathangaming.com/wp-content/uploads/lor_cards/01DE045T1.png?v=1585836891962"" alt="""">","","","lor_card"
"","Avarosan Hearthguard","","<img class=""aligncenter wp-image-15599 size-full"" src=""https://teamleviathangaming.com/wp-content/uploads/lor_cards/01FR041.png?v=1585836891962"" alt="""">","","","lor_card"
"","Captain Farron","","<img class=""aligncenter wp-image-15599 size-full"" src=""https://teamleviathangaming.com/wp-content/uploads/lor_cards/01NX051.png?v=1585836891962"" alt="""">","","","lor_card"
"","Poro Herder","","<img class=""aligncenter wp-image-15599 size-full"" src=""https://teamleviathangaming.com/wp-content/uploads/lor_cards/01FR025.png?v=1585836891962"" alt="""">","","","lor_card"
"","Lux","","<img class=""aligncenter wp-image-15599 size-full"" src=""https://teamleviathangaming.com/wp-content/uploads/lor_cards/01DE042T2.png?v=1585836891962"" alt="""">","","","lor_card"
"","Legion Rearguard","","<img class=""aligncenter wp-image-15599 size-full"" src=""https://teamleviathangaming.com/wp-content/uploads/lor_cards/01NX012.png?v=1585836891962"" alt="""">","","","lor_card"
"","Mageseeker Conservator","","<img class=""aligncenter wp-image-15599 size-full"" src=""https://teamleviathangaming.com/wp-content/uploads/lor_cards/01DE024.png?v=1585836891962"" alt="""">","","","lor_card"
"","Unleashed Spirit","","<img class=""aligncenter wp-image-15599 size-full"" src=""https://teamleviathangaming.com/wp-content/uploads/lor_cards/01SI007T1.png?v=1585836891962"" alt="""">","","","lor_card"
"","Vanguard Firstblade","","<img class=""aligncenter wp-image-15599 size-full"" src=""https://teamleviathangaming.com/wp-content/uploads/lor_cards/01DE056.png?v=1585836891962"" alt="""">","","","lor_card"
"","Blade's Edge","","<img class=""aligncenter wp-image-15599 size-full"" src=""https://teamleviathangaming.com/wp-content/uploads/lor_cards/01NX043.png?v=1585836891962"" alt="""">","","","lor_card"
"","Silverwing Scout","","<img class=""aligncenter wp-image-15599 size-full"" src=""https://teamleviathangaming.com/wp-content/uploads/lor_cards/01DE030.png?v=1585836891962"" alt="""">","","","lor_card"
"","Staggering Strikes","","<img class=""aligncenter wp-image-15599 size-full"" src=""https://teamleviathangaming.com/wp-content/uploads/lor_cards/01IO056T1.png?v=1585836891962"" alt="""">","","","lor_card"
"","Kalista's Black Spear","","<img class=""aligncenter wp-image-15599 size-full"" src=""https://teamleviathangaming.com/wp-content/uploads/lor_cards/01SI030T1.png?v=1585836891962"" alt="""">","","","lor_card"
"","Legion Grenadier","","<img class=""aligncenter wp-image-15599 size-full"" src=""https://teamleviathangaming.com/wp-content/uploads/lor_cards/01NX037.png?v=1585836891962"" alt="""">","","","lor_card"
"","Decimate","","<img class=""aligncenter wp-image-15599 size-full"" src=""https://teamleviathangaming.com/wp-content/uploads/lor_cards/01NX002.png?v=1585836891962"" alt="""">","","","lor_card"
"","Zephyr Sage","","<img class=""aligncenter wp-image-15599 size-full"" src=""https://teamleviathangaming.com/wp-content/uploads/lor_cards/01IO016.png?v=1585836891962"" alt="""">","","","lor_card"
"","Frenzied Skitterer","","<img class=""aligncenter wp-image-15599 size-full"" src=""https://teamleviathangaming.com/wp-content/uploads/lor_cards/01SI056.png?v=1585836891962"" alt="""">","","","lor_card"
"","Legion General","","<img class=""aligncenter wp-image-15599 size-full"" src=""https://teamleviathangaming.com/wp-content/uploads/lor_cards/01NX010.png?v=1585836891962"" alt="""">","","","lor_card"
"","Legion Drummer","","<img class=""aligncenter wp-image-15599 size-full"" src=""https://teamleviathangaming.com/wp-content/uploads/lor_cards/01NX017.png?v=1585836891962"" alt="""">","","","lor_card"
"","Silverwing Vanguard","","<img class=""aligncenter wp-image-15599 size-full"" src=""https://teamleviathangaming.com/wp-content/uploads/lor_cards/01DE004.png?v=1585836891962"" alt="""">","","","lor_card"
"","Vengeance","","<img class=""aligncenter wp-image-15599 size-full"" src=""https://teamleviathangaming.com/wp-content/uploads/lor_cards/01SI001.png?v=1585836891962"" alt="""">","","","lor_card"
"","Laurent Protege","","<img class=""aligncenter wp-image-15599 size-full"" src=""https://teamleviathangaming.com/wp-content/uploads/lor_cards/01DE011.png?v=1585836891962"" alt="""">","","","lor_card"
"","Greenglade Lookout","","<img class=""aligncenter wp-image-15599 size-full"" src=""https://teamleviathangaming.com/wp-content/uploads/lor_cards/01IO036.png?v=1585836891962"" alt="""">","","","lor_card"
"","Astute Academic","","<img class=""aligncenter wp-image-15599 size-full"" src=""https://teamleviathangaming.com/wp-content/uploads/lor_cards/01PZ055.png?v=1585836891962"" alt="""">","","","lor_card"
"","Teemo","","<img class=""aligncenter wp-image-15599 size-full"" src=""https://teamleviathangaming.com/wp-content/uploads/lor_cards/01PZ008.png?v=1585836891962"" alt="""">","","","lor_card"
"","Mk5: Rocket Blaster","","<img class=""aligncenter wp-image-15599 size-full"" src=""https://teamleviathangaming.com/wp-content/uploads/lor_cards/01PZ056T2.png?v=1585836891962"" alt="""">","","","lor_card"
"","Unlicensed Innovation","","<img class=""aligncenter wp-image-15599 size-full"" src=""https://teamleviathangaming.com/wp-content/uploads/lor_cards/01PZ014.png?v=1585836891962"" alt="""">","","","lor_card"
"","Succession","","<img class=""aligncenter wp-image-15599 size-full"" src=""https://teamleviathangaming.com/wp-content/uploads/lor_cards/01DE047.png?v=1585836891962"" alt="""">","","","lor_card"
"","Arena Bookie","","<img class=""aligncenter wp-image-15599 size-full"" src=""https://teamleviathangaming.com/wp-content/uploads/lor_cards/01NX003.png?v=1585836891962"" alt="""">","","","lor_card"
"","Whirling Death","","<img class=""aligncenter wp-image-15599 size-full"" src=""https://teamleviathangaming.com/wp-content/uploads/lor_cards/01NX011.png?v=1585836891962"" alt="""">","","","lor_card"
"","Vanguard Lookout","","<img class=""aligncenter wp-image-15599 size-full"" src=""https://teamleviathangaming.com/wp-content/uploads/lor_cards/01DE046.png?v=1585836891962"" alt="""">","","","lor_card"
"","Scarmaiden Reaver","","<img class=""aligncenter wp-image-15599 size-full"" src=""https://teamleviathangaming.com/wp-content/uploads/lor_cards/01FR054.png?v=1585836891962"" alt="""">","","","lor_card"
"","Purify","","<img class=""aligncenter wp-image-15599 size-full"" src=""https://teamleviathangaming.com/wp-content/uploads/lor_cards/01DE050.png?v=1585836891962"" alt="""">","","","lor_card"
"","Tarkaz's Fury","","<img class=""aligncenter wp-image-15599 size-full"" src=""https://teamleviathangaming.com/wp-content/uploads/lor_cards/01FR021T1.png?v=1585836891962"" alt="""">","","","lor_card"
"","Heart of the Fluft","","<img class=""aligncenter wp-image-15599 size-full"" src=""https://teamleviathangaming.com/wp-content/uploads/lor_cards/01FR043.png?v=1585836891962"" alt="""">","","","lor_card"
"","Snow Hare","","<img class=""aligncenter wp-image-15599 size-full"" src=""https://teamleviathangaming.com/wp-content/uploads/lor_cards/01FR049T1.png?v=1585836891962"" alt="""">","","","lor_card"
"","Wyrding Stones","","<img class=""aligncenter wp-image-15599 size-full"" src=""https://teamleviathangaming.com/wp-content/uploads/lor_cards/01FR033.png?v=1585836891962"" alt="""">","","","lor_card"
"","The Box","","<img class=""aligncenter wp-image-15599 size-full"" src=""https://teamleviathangaming.com/wp-content/uploads/lor_cards/01SI019.png?v=1585836891962"" alt="""">","","","lor_card"
"","Final Spark","","<img class=""aligncenter wp-image-15599 size-full"" src=""https://teamleviathangaming.com/wp-content/uploads/lor_cards/01DE042T3.png?v=1585836891962"" alt="""">","","","lor_card"
"","Minah Swiftfoot","","<img class=""aligncenter wp-image-15599 size-full"" src=""https://teamleviathangaming.com/wp-content/uploads/lor_cards/01IO033.png?v=1585836891962"" alt="""">","","","lor_card"
"","Vision","","<img class=""aligncenter wp-image-15599 size-full"" src=""https://teamleviathangaming.com/wp-content/uploads/lor_cards/01NX039.png?v=1585836891962"" alt="""">","","","lor_card"
"","Icevale Archer","","<img class=""aligncenter wp-image-15599 size-full"" src=""https://teamleviathangaming.com/wp-content/uploads/lor_cards/01FR011.png?v=1585836891962"" alt="""">","","","lor_card"
"","Sumpsnipe Scavenger","","<img class=""aligncenter wp-image-15599 size-full"" src=""https://teamleviathangaming.com/wp-content/uploads/lor_cards/01PZ034.png?v=1585836891962"" alt="""">","","","lor_card"
"","Elixir of Iron","","<img class=""aligncenter wp-image-15599 size-full"" src=""https://teamleviathangaming.com/wp-content/uploads/lor_cards/01FR004.png?v=1585836891962"" alt="""">","","","lor_card"
"","Kindly Tavernkeeper","","<img class=""aligncenter wp-image-15599 size-full"" src=""https://teamleviathangaming.com/wp-content/uploads/lor_cards/01FR050.png?v=1585836891962"" alt="""">","","","lor_card"
"","Illegal Contraption","","<img class=""aligncenter wp-image-15599 size-full"" src=""https://teamleviathangaming.com/wp-content/uploads/lor_cards/01PZ014T1.png?v=1585836891962"" alt="""">","","","lor_card"
"","Trifarian Shieldbreaker","","<img class=""aligncenter wp-image-15599 size-full"" src=""https://teamleviathangaming.com/wp-content/uploads/lor_cards/01NX041.png?v=1585836891962"" alt="""">","","","lor_card"
"","Tryndamere","","<img class=""aligncenter wp-image-15599 size-full"" src=""https://teamleviathangaming.com/wp-content/uploads/lor_cards/01FR039T2.png?v=1585836891962"" alt="""">","","","lor_card"
"","Ashe","","<img class=""aligncenter wp-image-15599 size-full"" src=""https://teamleviathangaming.com/wp-content/uploads/lor_cards/01FR038T2.png?v=1585836891962"" alt="""">","","","lor_card"
"","Accelerated Purrsuit","","<img class=""aligncenter wp-image-15599 size-full"" src=""https://teamleviathangaming.com/wp-content/uploads/lor_cards/01PZ060.png?v=1585836891962"" alt="""">","","","lor_card"
"","Yasuo","","<img class=""aligncenter wp-image-15599 size-full"" src=""https://teamleviathangaming.com/wp-content/uploads/lor_cards/01IO015.png?v=1585836891962"" alt="""">","","","lor_card"
"","Ritual of Renewal","","<img class=""aligncenter wp-image-15599 size-full"" src=""https://teamleviathangaming.com/wp-content/uploads/lor_cards/01IO001.png?v=1585836891962"" alt="""">","","","lor_card"
"","Dauntless Vanguard","","<img class=""aligncenter wp-image-15599 size-full"" src=""https://teamleviathangaming.com/wp-content/uploads/lor_cards/01DE016.png?v=1585836891962"" alt="""">","","","lor_card"
"","Stand United","","<img class=""aligncenter wp-image-15599 size-full"" src=""https://teamleviathangaming.com/wp-content/uploads/lor_cards/01IO010.png?v=1585836891962"" alt="""">","","","lor_card"
"","Twin Disciplines","","<img class=""aligncenter wp-image-15599 size-full"" src=""https://teamleviathangaming.com/wp-content/uploads/lor_cards/01IO012.png?v=1585836891962"" alt="""">","","","lor_card"
"","Balesight","","<img class=""aligncenter wp-image-15599 size-full"" src=""https://teamleviathangaming.com/wp-content/uploads/lor_cards/01FR052T1.png?v=1585836891962"" alt="""">","","","lor_card"
"","Mageseeker Persuader","","<img class=""aligncenter wp-image-15599 size-full"" src=""https://teamleviathangaming.com/wp-content/uploads/lor_cards/01DE040.png?v=1585836891962"" alt="""">","","","lor_card"
"","Minotaur Reckoner","","<img class=""aligncenter wp-image-15599 size-full"" src=""https://teamleviathangaming.com/wp-content/uploads/lor_cards/01NX036.png?v=1585836891962"" alt="""">","","","lor_card"
"","Battering Ram","","<img class=""aligncenter wp-image-15599 size-full"" src=""https://teamleviathangaming.com/wp-content/uploads/lor_cards/01NX044.png?v=1585836891962"" alt="""">","","","lor_card"
"","Vanguard Squire","","<img class=""aligncenter wp-image-15599 size-full"" src=""https://teamleviathangaming.com/wp-content/uploads/lor_cards/01DE036.png?v=1585836891962"" alt="""">","","","lor_card"
"","Ravenous Butcher","","<img class=""aligncenter wp-image-15599 size-full"" src=""https://teamleviathangaming.com/wp-content/uploads/lor_cards/01SI011.png?v=1585836891962"" alt="""">","","","lor_card"
"","Zed's Shadowshift","","<img class=""aligncenter wp-image-15599 size-full"" src=""https://teamleviathangaming.com/wp-content/uploads/lor_cards/01IO009T3.png?v=1585836891962"" alt="""">","","","lor_card"
"","Hecarim's Onslaught of Shadows","","<img class=""aligncenter wp-image-15599 size-full"" src=""https://teamleviathangaming.com/wp-content/uploads/lor_cards/01SI042T2.png?v=1585836891962"" alt="""">","","","lor_card"
"","Riposte","","<img class=""aligncenter wp-image-15599 size-full"" src=""https://teamleviathangaming.com/wp-content/uploads/lor_cards/01DE037.png?v=1585836891962"" alt="""">","","","lor_card"
"","Mk7: Armored Stomper","","<img class=""aligncenter wp-image-15599 size-full"" src=""https://teamleviathangaming.com/wp-content/uploads/lor_cards/01PZ056T5.png?v=1585836891962"" alt="""">","","","lor_card"
"","Fresh Offerings","","<img class=""aligncenter wp-image-15599 size-full"" src=""https://teamleviathangaming.com/wp-content/uploads/lor_cards/01SI027.png?v=1585836891962"" alt="""">","","","lor_card"
"","Assembly Bot","","<img class=""aligncenter wp-image-15599 size-full"" src=""https://teamleviathangaming.com/wp-content/uploads/lor_cards/01PZ003.png?v=1585836891962"" alt="""">","","","lor_card"
"","Windfarer Hatchling","","<img class=""aligncenter wp-image-15599 size-full"" src=""https://teamleviathangaming.com/wp-content/uploads/lor_cards/01IO021.png?v=1585836891962"" alt="""">","","","lor_card"
"","Poro Snax","","<img class=""aligncenter wp-image-15599 size-full"" src=""https://teamleviathangaming.com/wp-content/uploads/lor_cards/01FR016.png?v=1585836891962"" alt="""">","","","lor_card"
"","Crimson Aristocrat","","<img class=""aligncenter wp-image-15599 size-full"" src=""https://teamleviathangaming.com/wp-content/uploads/lor_cards/01NX005.png?v=1585836891962"" alt="""">","","","lor_card"
"","Jinx","","<img class=""aligncenter wp-image-15599 size-full"" src=""https://teamleviathangaming.com/wp-content/uploads/lor_cards/01PZ040T1.png?v=1585836891962"" alt="""">","","","lor_card"
"","Battle Fury","","<img class=""aligncenter wp-image-15599 size-full"" src=""https://teamleviathangaming.com/wp-content/uploads/lor_cards/01FR005.png?v=1585836891962"" alt="""">","","","lor_card"
"","Reinforcements","","<img class=""aligncenter wp-image-15599 size-full"" src=""https://teamleviathangaming.com/wp-content/uploads/lor_cards/01DE014.png?v=1585836891962"" alt="""">","","","lor_card"
"","Chain Vest","","<img class=""aligncenter wp-image-15599 size-full"" src=""https://teamleviathangaming.com/wp-content/uploads/lor_cards/01DE013.png?v=1585836891962"" alt="""">","","","lor_card"
"","Zed","","<img class=""aligncenter wp-image-15599 size-full"" src=""https://teamleviathangaming.com/wp-content/uploads/lor_cards/01IO009.png?v=1585836891962"" alt="""">","","","lor_card"
"","Katarina's Death Lotus","","<img class=""aligncenter wp-image-15599 size-full"" src=""https://teamleviathangaming.com/wp-content/uploads/lor_cards/01NX042T1.png?v=1585836891962"" alt="""">","","","lor_card"
"","Trifarian Hopeful","","<img class=""aligncenter wp-image-15599 size-full"" src=""https://teamleviathangaming.com/wp-content/uploads/lor_cards/01NX016.png?v=1585836891962"" alt="""">","","","lor_card"
"","Braum's Take Heart","","<img class=""aligncenter wp-image-15599 size-full"" src=""https://teamleviathangaming.com/wp-content/uploads/lor_cards/01FR009T2.png?v=1585836891962"" alt="""">","","","lor_card"
"","Mistwraith","","<img class=""aligncenter wp-image-15599 size-full"" src=""https://teamleviathangaming.com/wp-content/uploads/lor_cards/01SI014.png?v=1585836891962"" alt="""">","","","lor_card"
"","Elixir of Wrath","","<img class=""aligncenter wp-image-15599 size-full"" src=""https://teamleviathangaming.com/wp-content/uploads/lor_cards/01NX027.png?v=1585836891962"" alt="""">","","","lor_card"
"","Silent Shadowseer","","<img class=""aligncenter wp-image-15599 size-full"" src=""https://teamleviathangaming.com/wp-content/uploads/lor_cards/01IO027.png?v=1585836891962"" alt="""">","","","lor_card"
"","Haunted Relic","","<img class=""aligncenter wp-image-15599 size-full"" src=""https://teamleviathangaming.com/wp-content/uploads/lor_cards/01SI007.png?v=1585836891962"" alt="""">","","","lor_card"
"","Mark of the Isles","","<img class=""aligncenter wp-image-15599 size-full"" src=""https://teamleviathangaming.com/wp-content/uploads/lor_cards/01SI022.png?v=1585836891962"" alt="""">","","","lor_card"
"","Shen","","<img class=""aligncenter wp-image-15599 size-full"" src=""https://teamleviathangaming.com/wp-content/uploads/lor_cards/01IO032.png?v=1585836891962"" alt="""">","","","lor_card"
"","Precious Pet","","<img class=""aligncenter wp-image-15599 size-full"" src=""https://teamleviathangaming.com/wp-content/uploads/lor_cards/01NX015.png?v=1585836891962"" alt="""">","","","lor_card"
"","Grasp of the Undying","","<img class=""aligncenter wp-image-15599 size-full"" src=""https://teamleviathangaming.com/wp-content/uploads/lor_cards/01SI054.png?v=1585836891962"" alt="""">","","","lor_card"
"","Chempunk Shredder","","<img class=""aligncenter wp-image-15599 size-full"" src=""https://teamleviathangaming.com/wp-content/uploads/lor_cards/01PZ044.png?v=1585836891962"" alt="""">","","","lor_card"
"","Lonely Poro","","<img class=""aligncenter wp-image-15599 size-full"" src=""https://teamleviathangaming.com/wp-content/uploads/lor_cards/01FR008.png?v=1585836891962"" alt="""">","","","lor_card"
"","Karma","","<img class=""aligncenter wp-image-15599 size-full"" src=""https://teamleviathangaming.com/wp-content/uploads/lor_cards/01IO041.png?v=1585836891962"" alt="""">","","","lor_card"
"","Possession","","<img class=""aligncenter wp-image-15599 size-full"" src=""https://teamleviathangaming.com/wp-content/uploads/lor_cards/01SI006.png?v=1585836891962"" alt="""">","","","lor_card"
"","Radiant Guardian","","<img class=""aligncenter wp-image-15599 size-full"" src=""https://teamleviathangaming.com/wp-content/uploads/lor_cards/01DE015.png?v=1585836891962"" alt="""">","","","lor_card"
"","Eminent Benefactor","","<img class=""aligncenter wp-image-15599 size-full"" src=""https://teamleviathangaming.com/wp-content/uploads/lor_cards/01PZ029.png?v=1585836891962"" alt="""">","","","lor_card"
"","Death Lotus","","<img class=""aligncenter wp-image-15599 size-full"" src=""https://teamleviathangaming.com/wp-content/uploads/lor_cards/01NX050.png?v=1585836891962"" alt="""">","","","lor_card"
"","Mk0: Windup Shredder","","<img class=""aligncenter wp-image-15599 size-full"" src=""https://teamleviathangaming.com/wp-content/uploads/lor_cards/01PZ056T1.png?v=1585836891962"" alt="""">","","","lor_card"
"","Cloud Drinker","","<img class=""aligncenter wp-image-15599 size-full"" src=""https://teamleviathangaming.com/wp-content/uploads/lor_cards/01IO031.png?v=1585836891962"" alt="""">","","","lor_card"
"","Laurent Bladekeeper","","<img class=""aligncenter wp-image-15599 size-full"" src=""https://teamleviathangaming.com/wp-content/uploads/lor_cards/01DE003.png?v=1585836891962"" alt="""">","","","lor_card"
"","Warmother's Call","","<img class=""aligncenter wp-image-15599 size-full"" src=""https://teamleviathangaming.com/wp-content/uploads/lor_cards/01FR023.png?v=1585836891962"" alt="""">","","","lor_card"
"","Purrsuit of Perfection","","<img class=""aligncenter wp-image-15599 size-full"" src=""https://teamleviathangaming.com/wp-content/uploads/lor_cards/01PZ033.png?v=1585836891962"" alt="""">","","","lor_card"
"","Blade of Ledros","","<img class=""aligncenter wp-image-15599 size-full"" src=""https://teamleviathangaming.com/wp-content/uploads/lor_cards/01SI033T1.png?v=1585836891962"" alt="""">","","","lor_card"
"","Funsmith","","<img class=""aligncenter wp-image-15599 size-full"" src=""https://teamleviathangaming.com/wp-content/uploads/lor_cards/01PZ051.png?v=1585836891962"" alt="""">","","","lor_card"
"","Splinter Soul","","<img class=""aligncenter wp-image-15599 size-full"" src=""https://teamleviathangaming.com/wp-content/uploads/lor_cards/01SI028.png?v=1585836891962"" alt="""">","","","lor_card"
"","Atrocity","","<img class=""aligncenter wp-image-15599 size-full"" src=""https://teamleviathangaming.com/wp-content/uploads/lor_cards/01SI025.png?v=1585836891962"" alt="""">","","","lor_card"
"","Yasuo's Steel Tempest","","<img class=""aligncenter wp-image-15599 size-full"" src=""https://teamleviathangaming.com/wp-content/uploads/lor_cards/01IO015T2.png?v=1585836891962"" alt="""">","","","lor_card"
"","Recall","","<img class=""aligncenter wp-image-15599 size-full"" src=""https://teamleviathangaming.com/wp-content/uploads/lor_cards/01IO011.png?v=1585836891962"" alt="""">","","","lor_card"
"","Living Shadow","","<img class=""aligncenter wp-image-15599 size-full"" src=""https://teamleviathangaming.com/wp-content/uploads/lor_cards/01IO009T1.png?v=1585836891962"" alt="""">","","","lor_card"
"","Will of Ionia","","<img class=""aligncenter wp-image-15599 size-full"" src=""https://teamleviathangaming.com/wp-content/uploads/lor_cards/01IO002.png?v=1585836891962"" alt="""">","","","lor_card"
"","Fatal Strike","","<img class=""aligncenter wp-image-15599 size-full"" src=""https://teamleviathangaming.com/wp-content/uploads/lor_cards/01IO007T1.png?v=1585836891962"" alt="""">","","","lor_card"
"","Feral Mystic","","<img class=""aligncenter wp-image-15599 size-full"" src=""https://teamleviathangaming.com/wp-content/uploads/lor_cards/01FR047.png?v=1585836891962"" alt="""">","","","lor_card"
"","Skyward Strikes","","<img class=""aligncenter wp-image-15599 size-full"" src=""https://teamleviathangaming.com/wp-content/uploads/lor_cards/01IO033T1.png?v=1585836891962"" alt="""">","","","lor_card"
"","Navori Bladescout","","<img class=""aligncenter wp-image-15599 size-full"" src=""https://teamleviathangaming.com/wp-content/uploads/lor_cards/01IO017.png?v=1585836891962"" alt="""">","","","lor_card"
"","Icy Yeti","","<img class=""aligncenter wp-image-15599 size-full"" src=""https://teamleviathangaming.com/wp-content/uploads/lor_cards/01FR056.png?v=1585836891962"" alt="""">","","","lor_card"
"","Shunpo","","<img class=""aligncenter wp-image-15599 size-full"" src=""https://teamleviathangaming.com/wp-content/uploads/lor_cards/01NX056.png?v=1585836891962"" alt="""">","","","lor_card"
"","Poison Puffcap","","<img class=""aligncenter wp-image-15599 size-full"" src=""https://teamleviathangaming.com/wp-content/uploads/lor_cards/01PZ022.png?v=1585836891962"" alt="""">","","","lor_card"
"","Face-Melter","","<img class=""aligncenter wp-image-15599 size-full"" src=""https://teamleviathangaming.com/wp-content/uploads/lor_cards/01PZ044T2.png?v=1585836891962"" alt="""">","","","lor_card"
"","Mist's Call","","<img class=""aligncenter wp-image-15599 size-full"" src=""https://teamleviathangaming.com/wp-content/uploads/lor_cards/01SI046.png?v=1585836891962"" alt="""">","","","lor_card"
"","Catastrophe","","<img class=""aligncenter wp-image-15599 size-full"" src=""https://teamleviathangaming.com/wp-content/uploads/lor_cards/01PZ033T1.png?v=1585836891962"" alt="""">","","","lor_card"
"","Trifarian Assessor","","<img class=""aligncenter wp-image-15599 size-full"" src=""https://teamleviathangaming.com/wp-content/uploads/lor_cards/01NX033.png?v=1585836891962"" alt="""">","","","lor_card"
"","Prismatic Barrier","","<img class=""aligncenter wp-image-15599 size-full"" src=""https://teamleviathangaming.com/wp-content/uploads/lor_cards/01DE032.png?v=1585836891962"" alt="""">","","","lor_card"
"","Vladimir","","<img class=""aligncenter wp-image-15599 size-full"" src=""https://teamleviathangaming.com/wp-content/uploads/lor_cards/01NX006T1.png?v=1585836891962"" alt="""">","","","lor_card"
"","Professor von Yipp","","<img class=""aligncenter wp-image-15599 size-full"" src=""https://teamleviathangaming.com/wp-content/uploads/lor_cards/01PZ023.png?v=1585836891962"" alt="""">","","","lor_card"
"","Mk1: Wrenchbot","","<img class=""aligncenter wp-image-15599 size-full"" src=""https://teamleviathangaming.com/wp-content/uploads/lor_cards/01PZ056T4.png?v=1585836891962"" alt="""">","","","lor_card"
"","Tryndamere","","<img class=""aligncenter wp-image-15599 size-full"" src=""https://teamleviathangaming.com/wp-content/uploads/lor_cards/01FR039.png?v=1585836891962"" alt="""">","","","lor_card"
"","Bull Elnuk","","<img class=""aligncenter wp-image-15599 size-full"" src=""https://teamleviathangaming.com/wp-content/uploads/lor_cards/01FR027.png?v=1585836891962"" alt="""">","","","lor_card"
"","Brood Awakening","","<img class=""aligncenter wp-image-15599 size-full"" src=""https://teamleviathangaming.com/wp-content/uploads/lor_cards/01SI050.png?v=1585836891962"" alt="""">","","","lor_card"
"","Pack Mentality","","<img class=""aligncenter wp-image-15599 size-full"" src=""https://teamleviathangaming.com/wp-content/uploads/lor_cards/01FR057.png?v=1585836891962"" alt="""">","","","lor_card"
"","Unstable Voltician","","<img class=""aligncenter wp-image-15599 size-full"" src=""https://teamleviathangaming.com/wp-content/uploads/lor_cards/01PZ024.png?v=1585836891962"" alt="""">","","","lor_card"
"","Wraithcaller","","<img class=""aligncenter wp-image-15599 size-full"" src=""https://teamleviathangaming.com/wp-content/uploads/lor_cards/01SI016.png?v=1585836891962"" alt="""">","","","lor_card"
"","Sparring Student","","<img class=""aligncenter wp-image-15599 size-full"" src=""https://teamleviathangaming.com/wp-content/uploads/lor_cards/01IO042.png?v=1585836891962"" alt="""">","","","lor_card"
"","Ashe's Flash Freeze","","<img class=""aligncenter wp-image-15599 size-full"" src=""https://teamleviathangaming.com/wp-content/uploads/lor_cards/01FR038T1.png?v=1585836891962"" alt="""">","","","lor_card"
"","Tarkaz the Tribeless","","<img class=""aligncenter wp-image-15599 size-full"" src=""https://teamleviathangaming.com/wp-content/uploads/lor_cards/01FR021.png?v=1585836891962"" alt="""">","","","lor_card"
"","Greenglade Duo","","<img class=""aligncenter wp-image-15599 size-full"" src=""https://teamleviathangaming.com/wp-content/uploads/lor_cards/01IO006.png?v=1585836891962"" alt="""">","","","lor_card"
"","Blood for Blood","","<img class=""aligncenter wp-image-15599 size-full"" src=""https://teamleviathangaming.com/wp-content/uploads/lor_cards/01NX052.png?v=1585836891962"" alt="""">","","","lor_card"
"","Kinkou Wayfinder","","<img class=""aligncenter wp-image-15599 size-full"" src=""https://teamleviathangaming.com/wp-content/uploads/lor_cards/01IO050.png?v=1585836891962"" alt="""">","","","lor_card"
"","Single Combat","","<img class=""aligncenter wp-image-15599 size-full"" src=""https://teamleviathangaming.com/wp-content/uploads/lor_cards/01DE026.png?v=1585836891962"" alt="""">","","","lor_card"
"","Katarina","","<img class=""aligncenter wp-image-15599 size-full"" src=""https://teamleviathangaming.com/wp-content/uploads/lor_cards/01NX042.png?v=1585836891962"" alt="""">","","","lor_card"
"","Shark Chariot","","<img class=""aligncenter wp-image-15599 size-full"" src=""https://teamleviathangaming.com/wp-content/uploads/lor_cards/01SI021.png?v=1585836891962"" alt="""">","","","lor_card"
"","Avarosan Trapper","","<img class=""aligncenter wp-image-15599 size-full"" src=""https://teamleviathangaming.com/wp-content/uploads/lor_cards/01FR048.png?v=1585836891962"" alt="""">","","","lor_card"
"","Progress Day!","","<img class=""aligncenter wp-image-15599 size-full"" src=""https://teamleviathangaming.com/wp-content/uploads/lor_cards/01PZ049.png?v=1585836891962"" alt="""">","","","lor_card"
"","Yusari","","<img class=""aligncenter wp-image-15599 size-full"" src=""https://teamleviathangaming.com/wp-content/uploads/lor_cards/01IO048.png?v=1585836891962"" alt="""">","","","lor_card"
"","Troop of Elnuks","","<img class=""aligncenter wp-image-15599 size-full"" src=""https://teamleviathangaming.com/wp-content/uploads/lor_cards/01FR017.png?v=1585836891962"" alt="""">","","","lor_card"
"","Health Potion","","<img class=""aligncenter wp-image-15599 size-full"" src=""https://teamleviathangaming.com/wp-content/uploads/lor_cards/01IO004.png?v=1585836891962"" alt="""">","","","lor_card"
"","Chronicler of Ruin","","<img class=""aligncenter wp-image-15599 size-full"" src=""https://teamleviathangaming.com/wp-content/uploads/lor_cards/01SI032.png?v=1585836891962"" alt="""">","","","lor_card"
"","Plaza Guardian","","<img class=""aligncenter wp-image-15599 size-full"" src=""https://teamleviathangaming.com/wp-content/uploads/lor_cards/01PZ006.png?v=1585836891962"" alt="""">","","","lor_card"
"","Ren Shadowblade","","<img class=""aligncenter wp-image-15599 size-full"" src=""https://teamleviathangaming.com/wp-content/uploads/lor_cards/01IO007.png?v=1585836891962"" alt="""">","","","lor_card"
"","Anivia","","<img class=""aligncenter wp-image-15599 size-full"" src=""https://teamleviathangaming.com/wp-content/uploads/lor_cards/01FR024T3.png?v=1585836891962"" alt="""">","","","lor_card"
"","Ethereal Remitter","","<img class=""aligncenter wp-image-15599 size-full"" src=""https://teamleviathangaming.com/wp-content/uploads/lor_cards/01SI058.png?v=1585836891962"" alt="""">","","","lor_card"
"","Clump of Whumps","","<img class=""aligncenter wp-image-15599 size-full"" src=""https://teamleviathangaming.com/wp-content/uploads/lor_cards/01PZ053.png?v=1585836891962"" alt="""">","","","lor_card"
"","Emerald Awakener","","<img class=""aligncenter wp-image-15599 size-full"" src=""https://teamleviathangaming.com/wp-content/uploads/lor_cards/01IO053.png?v=1585836891962"" alt="""">","","","lor_card"
"","Take Heart","","<img class=""aligncenter wp-image-15599 size-full"" src=""https://teamleviathangaming.com/wp-content/uploads/lor_cards/01FR046.png?v=1585836891962"" alt="""">","","","lor_card"
"","Savage Reckoner","","<img class=""aligncenter wp-image-15599 size-full"" src=""https://teamleviathangaming.com/wp-content/uploads/lor_cards/01NX045.png?v=1585836891962"" alt="""">","","","lor_card"
"","En Garde","","<img class=""aligncenter wp-image-15599 size-full"" src=""https://teamleviathangaming.com/wp-content/uploads/lor_cards/01DE027.png?v=1585836891962"" alt="""">","","","lor_card"
"","Spectral Matron","","<img class=""aligncenter wp-image-15599 size-full"" src=""https://teamleviathangaming.com/wp-content/uploads/lor_cards/01SI044.png?v=1585836891962"" alt="""">","","","lor_card"
"","Rimetusk Shaman","","<img class=""aligncenter wp-image-15599 size-full"" src=""https://teamleviathangaming.com/wp-content/uploads/lor_cards/01FR040.png?v=1585836891962"" alt="""">","","","lor_card"
"","Deny","","<img class=""aligncenter wp-image-15599 size-full"" src=""https://teamleviathangaming.com/wp-content/uploads/lor_cards/01IO049.png?v=1585836891962"" alt="""">","","","lor_card"
"","Trifarian Gloryseeker","","<img class=""aligncenter wp-image-15599 size-full"" src=""https://teamleviathangaming.com/wp-content/uploads/lor_cards/01NX031.png?v=1585836891962"" alt="""">","","","lor_card"
"","Flame Chompers!","","<img class=""aligncenter wp-image-15599 size-full"" src=""https://teamleviathangaming.com/wp-content/uploads/lor_cards/01PZ012.png?v=1585836891962"" alt="""">","","","lor_card"
"","Ancient Yeti","","<img class=""aligncenter wp-image-15599 size-full"" src=""https://teamleviathangaming.com/wp-content/uploads/lor_cards/01FR031.png?v=1585836891962"" alt="""">","","","lor_card"
"","Vanguard Sergeant","","<img class=""aligncenter wp-image-15599 size-full"" src=""https://teamleviathangaming.com/wp-content/uploads/lor_cards/01DE006.png?v=1585836891962"" alt="""">","","","lor_card"
"","Bullseye","","<img class=""aligncenter wp-image-15599 size-full"" src=""https://teamleviathangaming.com/wp-content/uploads/lor_cards/01FR036T1.png?v=1585836891962"" alt="""">","","","lor_card"
"","Mighty Poro","","<img class=""aligncenter wp-image-15599 size-full"" src=""https://teamleviathangaming.com/wp-content/uploads/lor_cards/01FR053.png?v=1585836891962"" alt="""">","","","lor_card"
"","Navori Brigand","","<img class=""aligncenter wp-image-15599 size-full"" src=""https://teamleviathangaming.com/wp-content/uploads/lor_cards/01IO052T1.png?v=1585836891962"" alt="""">","","","lor_card"
"","Arachnoid Horror","","<img class=""aligncenter wp-image-15599 size-full"" src=""https://teamleviathangaming.com/wp-content/uploads/lor_cards/01SI039.png?v=1585836891962"" alt="""">","","","lor_card"
"","Get Excited!","","<img class=""aligncenter wp-image-15599 size-full"" src=""https://teamleviathangaming.com/wp-content/uploads/lor_cards/01PZ039.png?v=1585836891962"" alt="""">","","","lor_card"
"","Mk6: Stormlobber","","<img class=""aligncenter wp-image-15599 size-full"" src=""https://teamleviathangaming.com/wp-content/uploads/lor_cards/01PZ056T9.png?v=1585836891962"" alt="""">","","","lor_card"
"","Senna, Sentinel of Light","","<img class=""aligncenter wp-image-15599 size-full"" src=""https://teamleviathangaming.com/wp-content/uploads/lor_cards/01DE038.png?v=1585836891962"" alt="""">","","","lor_card"
"","Bloodsworn Pledge","","<img class=""aligncenter wp-image-15599 size-full"" src=""https://teamleviathangaming.com/wp-content/uploads/lor_cards/01FR010.png?v=1585836891962"" alt="""">","","","lor_card"
"","Navori Highwayman","","<img class=""aligncenter wp-image-15599 size-full"" src=""https://teamleviathangaming.com/wp-content/uploads/lor_cards/01IO052.png?v=1585836891962"" alt="""">","","","lor_card"
"","The Empyrean","","<img class=""aligncenter wp-image-15599 size-full"" src=""https://teamleviathangaming.com/wp-content/uploads/lor_cards/01IO030.png?v=1585836891962"" alt="""">","","","lor_card"
"","Back to Back","","<img class=""aligncenter wp-image-15599 size-full"" src=""https://teamleviathangaming.com/wp-content/uploads/lor_cards/01DE041.png?v=1585836891962"" alt="""">","","","lor_card"
"","Vladimir","","<img class=""aligncenter wp-image-15599 size-full"" src=""https://teamleviathangaming.com/wp-content/uploads/lor_cards/01NX006.png?v=1585836891962"" alt="""">","","","lor_card"
"","Flash of Brilliance","","<img class=""aligncenter wp-image-15599 size-full"" src=""https://teamleviathangaming.com/wp-content/uploads/lor_cards/01PZ016.png?v=1585836891962"" alt="""">","","","lor_card"
"","Ezreal's Mystic Shot","","<img class=""aligncenter wp-image-15599 size-full"" src=""https://teamleviathangaming.com/wp-content/uploads/lor_cards/01PZ036T2.png?v=1585836891962"" alt="""">","","","lor_card"
"","For Demacia!","","<img class=""aligncenter wp-image-15599 size-full"" src=""https://teamleviathangaming.com/wp-content/uploads/lor_cards/01DE035.png?v=1585836891962"" alt="""">","","","lor_card"
"","Basilisk Rider","","<img class=""aligncenter wp-image-15599 size-full"" src=""https://teamleviathangaming.com/wp-content/uploads/lor_cards/01NX008.png?v=1585836891962"" alt="""">","","","lor_card"
"","Greenglade Caretaker","","<img class=""aligncenter wp-image-15599 size-full"" src=""https://teamleviathangaming.com/wp-content/uploads/lor_cards/01IO019.png?v=1585836891962"" alt="""">","","","lor_card"
"","Radiant Strike","","<img class=""aligncenter wp-image-15599 size-full"" src=""https://teamleviathangaming.com/wp-content/uploads/lor_cards/01DE018.png?v=1585836891962"" alt="""">","","","lor_card"
"","Insight of Ages","","<img class=""aligncenter wp-image-15599 size-full"" src=""https://teamleviathangaming.com/wp-content/uploads/lor_cards/01IO054.png?v=1585836891962"" alt="""">","","","lor_card"
"","The Rekindler","","<img class=""aligncenter wp-image-15599 size-full"" src=""https://teamleviathangaming.com/wp-content/uploads/lor_cards/01SI020.png?v=1585836891962"" alt="""">","","","lor_card"
"","Flash Freeze","","<img class=""aligncenter wp-image-15599 size-full"" src=""https://teamleviathangaming.com/wp-content/uploads/lor_cards/01FR001.png?v=1585836891962"" alt="""">","","","lor_card"
"","Chump Whump","","<img class=""aligncenter wp-image-15599 size-full"" src=""https://teamleviathangaming.com/wp-content/uploads/lor_cards/01PZ058.png?v=1585836891962"" alt="""">","","","lor_card"
"","Hecarim","","<img class=""aligncenter wp-image-15599 size-full"" src=""https://teamleviathangaming.com/wp-content/uploads/lor_cards/01SI042.png?v=1585836891962"" alt="""">","","","lor_card"
"","Brightsteel Protector","","<img class=""aligncenter wp-image-15599 size-full"" src=""https://teamleviathangaming.com/wp-content/uploads/lor_cards/01DE009.png?v=1585836891962"" alt="""">","","","lor_card"
"","Withering Wail","","<img class=""aligncenter wp-image-15599 size-full"" src=""https://teamleviathangaming.com/wp-content/uploads/lor_cards/01SI029.png?v=1585836891962"" alt="""">","","","lor_card"
"","Amateur Aeronaut","","<img class=""aligncenter wp-image-15599 size-full"" src=""https://teamleviathangaming.com/wp-content/uploads/lor_cards/01PZ009.png?v=1585836891962"" alt="""">","","","lor_card"
"","Shen's Stand United","","<img class=""aligncenter wp-image-15599 size-full"" src=""https://teamleviathangaming.com/wp-content/uploads/lor_cards/01IO032T2.png?v=1585836891962"" alt="""">","","","lor_card"
"","Rhasa the Sunderer","","<img class=""aligncenter wp-image-15599 size-full"" src=""https://teamleviathangaming.com/wp-content/uploads/lor_cards/01SI035.png?v=1585836891962"" alt="""">","","","lor_card"
"","Anivia","","<img class=""aligncenter wp-image-15599 size-full"" src=""https://teamleviathangaming.com/wp-content/uploads/lor_cards/01FR024.png?v=1585836891962"" alt="""">","","","lor_card"
"","Affectionate Poro","","<img class=""aligncenter wp-image-15599 size-full"" src=""https://teamleviathangaming.com/wp-content/uploads/lor_cards/01NX034.png?v=1585836891962"" alt="""">","","","lor_card"
"","Intrepid Mariner","","<img class=""aligncenter wp-image-15599 size-full"" src=""https://teamleviathangaming.com/wp-content/uploads/lor_cards/01PZ042.png?v=1585836891962"" alt="""">","","","lor_card"
"","Lux","","<img class=""aligncenter wp-image-15599 size-full"" src=""https://teamleviathangaming.com/wp-content/uploads/lor_cards/01DE042.png?v=1585836891962"" alt="""">","","","lor_card"
"","Fiora's Riposte","","<img class=""aligncenter wp-image-15599 size-full"" src=""https://teamleviathangaming.com/wp-content/uploads/lor_cards/01DE045T2.png?v=1585836891962"" alt="""">","","","lor_card"
"","Draven's Biggest Fan","","<img class=""aligncenter wp-image-15599 size-full"" src=""https://teamleviathangaming.com/wp-content/uploads/lor_cards/01NX035.png?v=1585836891962"" alt="""">","","","lor_card"
"","Glacial Storm","","<img class=""aligncenter wp-image-15599 size-full"" src=""https://teamleviathangaming.com/wp-content/uploads/lor_cards/01FR024T5.png?v=1585836891962"" alt="""">","","","lor_card"
"","Reckless Trifarian","","<img class=""aligncenter wp-image-15599 size-full"" src=""https://teamleviathangaming.com/wp-content/uploads/lor_cards/01NX026.png?v=1585836891962"" alt="""">","","","lor_card"
"","Darkwater Scourge","","<img class=""aligncenter wp-image-15599 size-full"" src=""https://teamleviathangaming.com/wp-content/uploads/lor_cards/01SI004.png?v=1585836891962"" alt="""">","","","lor_card"
"","Steel Tempest","","<img class=""aligncenter wp-image-15599 size-full"" src=""https://teamleviathangaming.com/wp-content/uploads/lor_cards/01IO046.png?v=1585836891962"" alt="""">","","","lor_card"
"","Cithria of Cloudfield","","<img class=""aligncenter wp-image-15599 size-full"" src=""https://teamleviathangaming.com/wp-content/uploads/lor_cards/01DE039.png?v=1585836891962"" alt="""">","","","lor_card"
"","Vladimir's Transfusion","","<img class=""aligncenter wp-image-15599 size-full"" src=""https://teamleviathangaming.com/wp-content/uploads/lor_cards/01NX006T3.png?v=1585836891962"" alt="""">","","","lor_card"
"","Fluft of Poros","","<img class=""aligncenter wp-image-15599 size-full"" src=""https://teamleviathangaming.com/wp-content/uploads/lor_cards/01FR043T1.png?v=1585836891962"" alt="""">","","","lor_card"
"","Fleetfeather Tracker","","<img class=""aligncenter wp-image-15599 size-full"" src=""https://teamleviathangaming.com/wp-content/uploads/lor_cards/01DE029.png?v=1585836891962"" alt="""">","","","lor_card"
"","Spirit's Refuge","","<img class=""aligncenter wp-image-15599 size-full"" src=""https://teamleviathangaming.com/wp-content/uploads/lor_cards/01IO037.png?v=1585836891962"" alt="""">","","","lor_card"
"","Mk4: Apex Turret","","<img class=""aligncenter wp-image-15599 size-full"" src=""https://teamleviathangaming.com/wp-content/uploads/lor_cards/01PZ056T8.png?v=1585836891962"" alt="""">","","","lor_card"
"","Eggnivia","","<img class=""aligncenter wp-image-15599 size-full"" src=""https://teamleviathangaming.com/wp-content/uploads/lor_cards/01FR024T4.png?v=1585836891962"" alt="""">","","","lor_card"
"","Sumpworks Map","","<img class=""aligncenter wp-image-15599 size-full"" src=""https://teamleviathangaming.com/wp-content/uploads/lor_cards/01PZ026.png?v=1585836891962"" alt="""">","","","lor_card"
"","Might","","<img class=""aligncenter wp-image-15599 size-full"" src=""https://teamleviathangaming.com/wp-content/uploads/lor_cards/01NX019.png?v=1585836891962"" alt="""">","","","lor_card"
"","Vanguard Cavalry","","<img class=""aligncenter wp-image-15599 size-full"" src=""https://teamleviathangaming.com/wp-content/uploads/lor_cards/01DE028.png?v=1585836891962"" alt="""">","","","lor_card"
"","Rivershaper","","<img class=""aligncenter wp-image-15599 size-full"" src=""https://teamleviathangaming.com/wp-content/uploads/lor_cards/01IO043.png?v=1585836891962"" alt="""">","","","lor_card"
"","Chempunk Pickpocket","","<img class=""aligncenter wp-image-15599 size-full"" src=""https://teamleviathangaming.com/wp-content/uploads/lor_cards/01PZ043.png?v=1585836891962"" alt="""">","","","lor_card"
"","Starlit Seer","","<img class=""aligncenter wp-image-15599 size-full"" src=""https://teamleviathangaming.com/wp-content/uploads/lor_cards/01FR032.png?v=1585836891962"" alt="""">","","","lor_card"
"","Solitary Monk","","<img class=""aligncenter wp-image-15599 size-full"" src=""https://teamleviathangaming.com/wp-content/uploads/lor_cards/01IO038.png?v=1585836891962"" alt="""">","","","lor_card"
"","She Who Wanders","","<img class=""aligncenter wp-image-15599 size-full"" src=""https://teamleviathangaming.com/wp-content/uploads/lor_cards/01FR052.png?v=1585836891962"" alt="""">","","","lor_card"
"","Tall Tales","","<img class=""aligncenter wp-image-15599 size-full"" src=""https://teamleviathangaming.com/wp-content/uploads/lor_cards/01FR051.png?v=1585836891962"" alt="""">","","","lor_card"
"","Noxian Guillotine","","<img class=""aligncenter wp-image-15599 size-full"" src=""https://teamleviathangaming.com/wp-content/uploads/lor_cards/01NX022.png?v=1585836891962"" alt="""">","","","lor_card"
"","Caustic Cask","","<img class=""aligncenter wp-image-15599 size-full"" src=""https://teamleviathangaming.com/wp-content/uploads/lor_cards/01PZ047.png?v=1585836891962"" alt="""">","","","lor_card"
"","Warden's Prey","","<img class=""aligncenter wp-image-15599 size-full"" src=""https://teamleviathangaming.com/wp-content/uploads/lor_cards/01SI026.png?v=1585836891962"" alt="""">","","","lor_card"
"","Discipline of Force","","<img class=""aligncenter wp-image-15599 size-full"" src=""https://teamleviathangaming.com/wp-content/uploads/lor_cards/01IO012T1.png?v=1585836891962"" alt="""">","","","lor_card"
"","Vanguard Redeemer","","<img class=""aligncenter wp-image-15599 size-full"" src=""https://teamleviathangaming.com/wp-content/uploads/lor_cards/01DE054.png?v=1585836891962"" alt="""">","","","lor_card"
"","Karma's Insight of Ages","","<img class=""aligncenter wp-image-15599 size-full"" src=""https://teamleviathangaming.com/wp-content/uploads/lor_cards/01IO041T2.png?v=1585836891962"" alt="""">","","","lor_card"
"","Shadowshift","","<img class=""aligncenter wp-image-15599 size-full"" src=""https://teamleviathangaming.com/wp-content/uploads/lor_cards/01IO039.png?v=1585836891962"" alt="""">","","","lor_card"
"","Crimson Awakener","","<img class=""aligncenter wp-image-15599 size-full"" src=""https://teamleviathangaming.com/wp-content/uploads/lor_cards/01NX032.png?v=1585836891962"" alt="""">","","","lor_card"
"","Mageseeker Investigator","","<img class=""aligncenter wp-image-15599 size-full"" src=""https://teamleviathangaming.com/wp-content/uploads/lor_cards/01DE023.png?v=1585836891962"" alt="""">","","","lor_card"
"","Kato The Arm","","<img class=""aligncenter wp-image-15599 size-full"" src=""https://teamleviathangaming.com/wp-content/uploads/lor_cards/01NX024.png?v=1585836891962"" alt="""">","","","lor_card"
"","Vile Feast","","<img class=""aligncenter wp-image-15599 size-full"" src=""https://teamleviathangaming.com/wp-content/uploads/lor_cards/01SI040.png?v=1585836891962"" alt="""">","","","lor_card"
"","They Who Endure","","<img class=""aligncenter wp-image-15599 size-full"" src=""https://teamleviathangaming.com/wp-content/uploads/lor_cards/01FR034.png?v=1585836891962"" alt="""">","","","lor_card"
"","Cithria the Bold","","<img class=""aligncenter wp-image-15599 size-full"" src=""https://teamleviathangaming.com/wp-content/uploads/lor_cards/01DE051.png?v=1585836891962"" alt="""">","","","lor_card"
"","Yone, Windchaser","","<img class=""aligncenter wp-image-15599 size-full"" src=""https://teamleviathangaming.com/wp-content/uploads/lor_cards/01IO056.png?v=1585836891962"" alt="""">","","","lor_card"
"","Ki Guardian","","<img class=""aligncenter wp-image-15599 size-full"" src=""https://teamleviathangaming.com/wp-content/uploads/lor_cards/01IO055.png?v=1585836891962"" alt="""">","","","lor_card"
"","Redoubled Valor","","<img class=""aligncenter wp-image-15599 size-full"" src=""https://teamleviathangaming.com/wp-content/uploads/lor_cards/01DE044.png?v=1585836891962"" alt="""">","","","lor_card"
"","The Ruination","","<img class=""aligncenter wp-image-15599 size-full"" src=""https://teamleviathangaming.com/wp-content/uploads/lor_cards/01SI015.png?v=1585836891962"" alt="""">","","","lor_card"
"","Thresh","","<img class=""aligncenter wp-image-15599 size-full"" src=""https://teamleviathangaming.com/wp-content/uploads/lor_cards/01SI052T1.png?v=1585836891962"" alt="""">","","","lor_card"
"","Guile","","<img class=""aligncenter wp-image-15599 size-full"" src=""https://teamleviathangaming.com/wp-content/uploads/lor_cards/01NX049.png?v=1585836891962"" alt="""">","","","lor_card"
"","Babbling Bjerg","","<img class=""aligncenter wp-image-15599 size-full"" src=""https://teamleviathangaming.com/wp-content/uploads/lor_cards/01FR007.png?v=1585836891962"" alt="""">","","","lor_card"
"","Garen","","<img class=""aligncenter wp-image-15599 size-full"" src=""https://teamleviathangaming.com/wp-content/uploads/lor_cards/01DE012.png?v=1585836891962"" alt="""">","","","lor_card"
"","Spinning Axe","","<img class=""aligncenter wp-image-15599 size-full"" src=""https://teamleviathangaming.com/wp-content/uploads/lor_cards/01NX020T1.png?v=1585836891962"" alt="""">","","","lor_card"
"","Avarosan Sentry","","<img class=""aligncenter wp-image-15599 size-full"" src=""https://teamleviathangaming.com/wp-content/uploads/lor_cards/01FR003.png?v=1585836891962"" alt="""">","","","lor_card"
"","Soulgorger","","<img class=""aligncenter wp-image-15599 size-full"" src=""https://teamleviathangaming.com/wp-content/uploads/lor_cards/01SI055.png?v=1585836891962"" alt="""">","","","lor_card"
"","Fading Memories","","<img class=""aligncenter wp-image-15599 size-full"" src=""https://teamleviathangaming.com/wp-content/uploads/lor_cards/01SI047.png?v=1585836891962"" alt="""">","","","lor_card"
